Laptop_ID,Actual Price,Predicted Price
10445,1240.54,1249.1235
6057,1469.29,1713.062
10999,2153.12,2527.2847
11310,970.92,1323.7291
11258,1479.22,1131.8838
5130,1344.5,1564.6001
9147,2851.97,2612.5322
3576,2565.27,2157.1536
6858,1630.16,2258.258
3979,1725.55,1762.7264
10552,3811.62,3476.621
6887,2312.18,3105.7
8009,2008.11,2111.7605
11618,4917.37,7586.0845
4074,2010.95,2914.795
4509,3591.1,3558.6782
9829,3211.29,3188.8337
9341,836.05,715.6631
862,2812.5,2598.6006
5516,2679.06,1912.5997
6330,2281.7,3438.0903
4394,1627.92,1716.7808
4320,2228.31,1611.0514
11725,2058.17,2659.119
7516,1290.25,1455.3291
10799,1218.51,817.25775
4392,1618.9,1474.7017
1282,1735.19,1536.9037
3315,2244.86,3685.332
10183,2926.93,3324.8806
3098,4951.36,5183.753
8280,3780.55,2277.812
5566,1289.75,1905.595
8974,2182.5,2545.5662
2447,2310.2,2170.253
3652,1713.47,2292.0994
5023,1074.51,1395.6556
3231,692.88,1096.0203
2019,841.43,1041.9374
9898,672.63,983.80347
2611,1165.38,1314.3524
5751,2484.05,1936.2058
3752,1922.57,1246.5682
3181,4868.52,4063.8538
4031,1403.33,1414.2733
5044,3164.61,3603.667
1393,4865.86,7478.59
5257,1891.54,1959.316
9255,1501.54,1002.1893
10037,3653.37,2353.6135
6165,1023.97,1187.3093
6448,1888.92,1715.9977
8066,1791.22,985.14307
8067,1842.7,2421.1213
3434,986.62,904.4717
6577,2441.76,1959.3472
3635,1115.18,923.3102
1157,2698.33,2508.8264
9652,1292.68,1959.316
101,962.25,715.6631
11165,1707.44,2598.6006
11246,1433.82,1284.5358
1261,1664.32,2157.1536
10443,1595.95,1608.1301
8550,1915.67,1226.1855
1825,5261.64,3141.3628
4049,1834.59,1827.6736
4055,2832.28,1973.7607
468,1545.5,1477.7798
6508,2132.68,2046.4198
3116,3007.87,1944.7244
1805,976.72,1122.612
19,1778.84,2687.4397
9569,1143.72,1381.9454
9886,2935.11,1928.7119
4681,2685.25,2233.3982
4467,2139.43,3453.3093
5611,1210.55,2094.7913
7015,1071.5,1322.993
7203,1301.54,1664.9977
8075,3325.09,2171.4985
7050,5920.27,6536.475
5424,923.7,944.5912
6611,2210.45,1635.0409
3495,1111.18,1111.6418
8102,1595.45,2178.1707
5500,3620.31,2568.877
7318,1606.17,1419.2415
6929,1757.13,1814.9332
4329,1426.75,1636.3916
10776,968.0,851.32294
3944,1654.64,2033.9861
5165,1359.63,2082.9224
2290,590.52,1160.6581
11188,1726.62,2818.9402
10730,1026.19,1066.1167
747,1774.65,2527.2847
749,1653.54,2155.6462
932,3284.28,2890.7324
8263,936.51,1243.2893
1626,6401.01,6689.0703
8565,2173.29,1941.5792
6860,3141.29,3604.5762
4279,1895.44,1834.6913
1904,1630.11,1595.3114
1078,2132.82,2124.5156
3679,1097.17,1816.816
11395,739.38,1223.2008
8204,1465.89,1467.8433
10110,1259.54,1789.4551
2183,1869.87,2370.0464
9729,3697.75,5217.4067
5743,645.53,996.5039
10979,4255.13,2564.9587
2651,1079.86,1376.2808
99,2821.78,4359.9995
2627,2124.34,1523.3331
3643,2188.51,1767.3497
3094,2659.53,2726.1921
10063,1342.41,1644.1056
6857,1581.39,1449.7224
7302,1940.4,1336.6844
1671,4900.1,7242.9463
4411,2521.23,3884.8015
11545,1179.3,1583.0107
10660,1392.03,1754.4832
8460,1449.12,1539.6478
3441,2499.5,1921.452
8624,1050.41,1133.2393
8660,2993.87,2045.7266
6442,2793.3,3205.334
5024,1251.37,1720.5898
967,2565.73,1754.3525
379,3657.92,5940.033
3100,2311.17,1497.9348
4313,6948.16,4520.786
6462,2539.29,2661.231
4608,2018.45,1873.5554
6307,4496.22,2541.5337
119,2478.83,2385.8599
9236,2103.29,1547.6846
4885,4396.9,4524.8564
7174,1069.85,1227.1418
7579,3407.81,2183.7021
3574,2392.11,1615.2458
3790,10807.88,7242.9463
9527,1016.57,1186.0323
10239,1841.45,1414.8242
7484,767.7,837.0986
5195,2644.1,2709.0706
6693,3103.94,2861.3586
200,2617.78,1973.7607
9278,1900.42,2633.4731
9230,6234.59,4263.715
2455,958.31,1499.2152
2210,2577.13,2538.1257
11250,2047.74,1429.3972
9447,1158.51,1932.8871
6903,2707.09,1850.8623
8869,960.0,1078.0417
6537,2086.13,2635.3323
6785,2326.22,2810.6895
10918,1938.64,3009.0771
2459,1229.2,1568.1979
2075,889.72,1278.5157
5778,1525.97,2314.6956
8396,1240.31,1675.8883
2826,5424.04,3902.8447
5829,1379.19,2031.1737
8181,3449.89,4723.461
6521,4031.76,2468.096
2727,791.62,715.6631
10464,1275.71,2073.267
2464,3946.65,5221.739
245,1322.63,2099.9614
9249,1260.83,1194.3699
4466,2140.54,1220.3962
9486,960.46,1802.9583
2021,3240.12,3055.6008
5728,2842.69,4211.509
4375,2205.37,1523.0925
8330,1295.54,1086.4819
6282,2072.78,2746.6597
11113,1247.23,1042.4073
7120,2018.84,2020.7035
6874,2169.01,2119.6147
1002,752.22,1094.7164
673,1400.02,1608.1301
6596,4116.58,4365.475
5538,1443.15,2015.6599
2406,1457.63,1656.2723
2069,666.68,703.9581
8760,1507.2,2338.822
6444,1214.0,1584.8492
3125,3756.45,2967.37
10479,1634.15,1164.9739
4105,1321.54,1985.1892
1272,2281.12,2564.9587
3546,1390.99,1683.1536
3522,2049.07,1543.57
5805,1277.38,1455.3457
1432,1167.51,1514.5201
7924,1866.34,2582.297
2102,895.17,1160.037
2245,1839.5,1806.5348
10643,2622.82,1850.8623
5377,1628.19,2033.1146
47,3116.24,1918.8118
2973,3588.95,2826.4624
1722,1909.34,1920.7146
11476,3657.1,4954.0386
2673,718.92,1175.4613
5174,2768.71,2249.031
900,1407.6,1835.4318
8060,1935.08,1386.3553
11401,2783.66,3672.905
8826,1292.21,1077.8163
6520,4655.42,3264.1113
11156,3986.35,5217.4067
9822,4209.51,3856.6345
149,728.2,1127.5651
10039,3644.46,5502.5635
4630,1483.42,1236.0145
4418,991.25,946.73737
8700,1002.26,1326.3917
10786,1236.18,1162.9994
8390,2031.79,3246.251
10519,2377.89,2568.877
8399,2961.98,2464.2615
2684,4195.53,3458.9504
1732,1441.11,1366.6022
4366,1241.55,1859.2539
7874,1064.98,904.118
7639,1137.81,1007.4761
7583,3518.17,5221.739
2124,2230.67,2342.0603
8359,5050.95,4761.3164
554,1156.89,1711.4204
8013,1175.6,1186.6622
6865,1377.68,1800.624
8273,1093.27,883.8841
6861,2123.47,1808.3392
9395,1345.6,1732.0597
9016,2171.76,2799.3003
11105,2171.36,1101.5547
7277,638.32,1043.033
6590,1240.84,1693.3481
11124,3639.72,3542.0469
8500,5239.22,4963.8296
7926,1486.31,1507.6449
7971,2746.41,2538.1257
5651,4362.82,3440.6313
11549,966.81,1030.9993
5199,2691.08,1928.7119
5106,2850.29,2504.6582
1655,4932.13,4810.896
3705,1794.17,1443.6885
1623,1281.72,1397.4558
4257,2812.74,2771.9026
4533,2724.81,3404.195
4832,1658.0,1604.741
7948,2346.48,2274.6602
3187,4413.96,2875.5059
4224,949.46,1297.8706
10387,2109.75,2065.7659
8836,1410.98,1326.3917
10235,1784.95,2277.812
1427,1987.34,2202.9846
1010,3282.92,2479.413
1697,2441.74,3318.9897
5282,5665.09,5895.755
7793,5334.33,3517.7615
10705,1487.25,739.73224
6690,981.18,1132.2378
3048,5122.71,3365.1072
1039,814.71,1053.2649
1175,1445.61,1984.5847
5513,2799.89,3251.5566
11727,3698.31,2601.9363
3794,1477.4,2110.7737
6768,1007.75,1273.2957
7847,1059.14,1422.6707
6884,895.06,1820.8035
9115,3221.31,2439.2651
6849,853.3,1002.1893
7233,3722.85,3371.7578
3234,806.43,946.8701
1414,3446.64,1839.1189
5711,1656.09,2035.8655
908,1246.29,830.9946
5820,1926.99,1711.8875
14,1909.02,1621.6595
8450,1228.39,1312.7886
3501,2360.34,1785.9204
10313,1022.24,1391.4536
3207,1980.88,1941.5792
1491,1239.55,1502.5607
9796,3397.03,2672.9883
4077,1879.38,1865.3605
6630,2023.88,1908.4401
2909,2293.34,2258.258
304,2258.04,2258.232
5204,1169.94,1210.3545
2536,794.17,1189.9354
6735,2943.06,2282.4106
7628,1271.45,2001.3986
6375,1317.85,1611.0514
2215,2133.51,2103.9702
1602,2103.95,2929.47
839,1097.77,1147.1653
1730,5392.09,3480.9114
3492,5503.95,5688.443
1402,1339.77,1611.4642
10831,1704.99,2148.8843
5378,2409.87,4218.4907
2168,3268.6,3007.0908
9104,4708.35,3055.3271
1470,3668.97,2703.213
3894,1564.26,2475.7107
11694,2929.38,3324.8806
7549,1234.73,949.8904
1766,1392.79,1048.9961
9782,4471.22,4954.0386
4075,2586.27,1455.5945
11314,1125.34,2121.9802
7625,6515.94,4320.3555
1035,3159.3,2962.9612
6329,1913.9,1785.5796
7234,979.06,973.80963
10033,2634.97,3105.7
8911,986.99,1277.7786
10379,1744.71,2221.881
50,3493.59,4063.8538
6700,832.28,810.1624
9621,1522.93,1381.4027
9861,2682.86,2464.2615
5466,1044.17,1098.4867
4096,1460.59,1318.8004
95,3496.93,2425.101
9844,2203.47,2064.1663
4393,1580.97,950.02295
8496,3121.75,3662.2053
4308,1858.16,2527.8113
10311,3198.93,3009.0771
4819,2709.04,2015.6599
10196,2741.99,2740.2646
7066,1782.01,1912.1544
518,3154.06,2729.3008
9228,2353.31,1959.316
2422,3197.64,3151.867
11257,1901.84,2403.8271
4084,1757.1,2111.7605
214,1251.15,1173.5223
6210,983.49,1605.2869
6795,2149.1,1621.6595
1701,2078.24,1653.2338
9978,3316.96,2698.886
11516,3622.98,2434.98
3881,3225.05,2618.8057
1941,1422.55,2065.7659
6032,2736.69,1730.9276
7023,3315.03,3369.841
533,2471.63,1534.7001
2487,1083.82,1455.3291
9869,2748.2,3672.905
11213,2102.97,2959.584
2238,1553.16,1111.6418
8866,2519.03,3251.4397
2221,1253.75,1115.3324
6556,2067.08,1473.4739
2239,2630.52,2260.8323
1670,411.66,759.5334
6500,884.41,1278.3644
2631,3415.68,3871.9756
357,1520.6,2630.9556
11327,858.97,1043.1527
11135,1471.39,1895.737
6487,1925.03,2410.9612
850,7204.6,4406.9585
613,6840.28,3527.332
4679,1540.29,2200.94
3131,4270.91,4999.597
11680,1490.41,1646.4469
510,1470.14,1650.1079
487,1730.52,2084.4553
10077,530.97,617.36847
11208,2189.27,3415.3132
8020,4549.32,2436.4927
8818,1276.79,1155.2604
1373,4052.39,2626.4492
9190,4682.31,3105.6506
2388,1475.32,2022.3534
1053,2501.68,1939.1667
7688,2110.91,2124.5156
8026,1250.57,1131.8838
7100,1589.54,1723.0188
8324,1773.5,1454.9054
10582,1329.35,886.147
4684,2171.37,1666.3064
10577,858.86,931.6961
2614,1648.98,1158.6512
5438,1343.7,1611.7985
7092,3299.61,4594.5522
10836,4002.31,5197.2524
5264,2094.05,2537.915
9854,2111.4,2821.5198
5770,1856.09,2277.812
4404,1521.85,2001.7018
11116,3746.48,2583.3784
2755,741.69,755.73303
11429,6486.56,7154.49
5371,1677.54,1577.9714
4194,2703.68,3526.7734
9225,1455.14,1853.7822
8030,7961.6,6799.174
6223,1614.48,2129.8987
2664,1227.97,2103.266
3526,3499.99,4483.491
2142,1401.35,777.178
4747,1530.66,1723.348
5079,2219.64,2680.365
9198,1722.04,1526.5647
11147,2610.61,2708.7632
2046,2208.59,3018.6692
8370,3221.75,5169.4253
424,1410.28,1683.1536
10060,592.84,904.4717
6364,3282.01,2908.035
3870,1953.31,1910.7295
1971,991.37,977.21686
4639,3561.26,2967.37
461,945.29,722.3525
3355,9037.45,6639.5273
11437,1580.51,2370.4512
1418,1292.8,1821.7504
8690,4378.76,6799.174
8488,2373.04,1941.5792
7522,1547.16,1939.1667
9999,2628.48,1719.9729
11196,2998.2,4354.457
5924,3190.39,3105.4126
3755,3116.32,2864.4314
651,1122.16,1694.7733
4843,2275.38,2916.9805
11496,4101.79,3877.7644
9376,1174.99,1019.42096
6134,2728.83,2857.617
8524,4423.98,3694.588
8793,2845.93,2305.1287
5853,1845.36,1596.6522
4830,1947.92,2001.0753
7707,2582.19,3369.841
1844,2736.09,1856.2361
2318,1592.22,1732.0597
2088,2935.07,4002.4104
6127,1848.7,1352.6052
1783,3799.39,3563.4583
6613,4938.26,3689.2246
9764,1811.68,1959.316
5786,1771.13,1944.7423
107,2792.77,3788.8235
11405,2611.08,2357.935
7298,2263.86,2789.8403
11728,2354.89,3009.0771
7949,1304.58,1612.7379
5220,1811.58,1278.2334
9209,1494.08,1358.1084
6673,894.24,1491.6846
6920,3152.61,2173.169
11316,2860.45,3484.3708
218,7174.89,4916.396
10725,5597.37,4001.4724
3952,1603.76,2198.892
11596,1890.13,2527.2847
8369,2147.64,1918.8118
217,1629.89,3230.9336
4952,2824.02,2518.8933
8817,626.35,1176.8835
9038,2230.79,2456.7075
2157,5302.35,3205.334
3464,1131.32,1043.033
3399,2198.23,3672.905
2453,2326.69,3145.4636
2288,1913.16,2314.6956
7825,1304.84,1738.941
10884,2030.62,2151.5793
9849,1936.21,1904.1592
4040,2567.02,2381.352
10675,4155.62,5686.566
8629,2030.79,2104.025
9956,804.18,1094.7164
4030,1637.39,1502.5607
812,3642.7,2248.5461
4192,1577.94,1282.5984
8116,1504.79,1148.4744
8141,661.07,1099.2815
39,1083.11,1134.1577
3721,2036.02,2450.7964
10818,911.71,987.9776
8235,978.18,780.98474
3210,5523.93,4299.1455
3143,861.68,739.73224
1421,1975.16,2033.9861
10536,2738.38,2758.0408
2864,804.42,995.93744
2392,1647.25,1272.755
11333,7173.8,5197.2524
624,953.44,622.1626
5385,1162.1,1472.7207
4896,4375.75,3329.4429
6188,3737.75,4945.7197
1142,1970.14,2444.3625
9639,1607.11,1506.828
2613,905.13,581.7759
346,9222.39,6536.475
5746,1355.96,1797.2086
8296,845.39,1050.078
10961,927.77,1105.2296
10881,2455.06,1760.5765
11501,3836.59,4299.1455
6739,1200.31,1182.1425
4100,900.95,1265.1956
3418,922.42,1024.8334
5350,1382.25,1618.0815
7899,3204.59,2479.413
4918,1761.54,1379.8782
10007,5277.47,3851.9558
10467,4372.74,4050.1633
10190,900.24,1134.1013
5809,752.24,1161.4071
8147,1266.36,1655.0247
177,1321.09,1467.1866
8117,763.01,908.7818
10717,1720.81,2618.1772
5064,7258.92,5781.751
7861,1921.74,1577.9714
7559,1895.8,2601.9363
457,1029.54,1655.0247
3002,1181.23,1458.5343
8495,1124.99,1247.8992
9290,3682.94,2711.6843
7439,1436.23,1659.2906
2119,545.8,914.6316
11454,2461.79,1808.3292
6290,3536.19,4524.8564
10178,645.65,779.6749
6955,681.2,991.28784
8398,1562.0,1986.551
5709,2167.34,2818.1965
5758,3571.51,5192.9873
9730,1130.62,1202.2236
9728,4096.71,4044.6008
3016,2163.17,2248.5461
2055,2135.43,2063.3076
1617,1110.13,1847.2311
303,650.45,822.5779
1934,2583.75,2170.8235
9015,2629.94,1714.7485
7087,1162.05,1794.969
573,385.4,656.9886
8674,1411.01,885.8057
8216,6492.51,7478.59
9947,3020.85,2067.9436
2214,1440.03,1530.9785
2820,922.31,1182.2009
9800,1155.14,1057.2034
1713,1725.31,1114.6935
6878,860.66,1352.6052
4587,665.09,1013.58777
6021,1602.68,1791.6068
7682,1458.09,1664.9977
4128,865.14,1018.9669
10708,718.17,726.4743
10113,3336.1,2810.7693
9709,1772.54,1425.4968
1923,1522.23,1711.8875
5843,3436.41,3844.7017
398,4636.12,3785.526
9970,5556.17,6718.688
4845,2049.65,1708.8656
321,2299.66,2403.3298
7536,6617.17,4704.792
10336,1020.95,921.49915
4233,1482.31,1730.7014
2638,2682.67,3098.1726
6449,4435.05,5735.3003
8018,933.14,750.71204
10168,3911.99,2593.3562
6661,1624.12,2137.5095
7562,835.09,944.0022
9934,1810.88,2507.3918
8963,2706.34,2507.3918
2109,1663.41,2001.0768
10242,2287.01,3542.0469
8165,2297.84,1686.8778
2585,1309.43,1694.7733
9693,3750.63,3613.7544
5121,1699.28,2205.0002
8057,2477.14,3613.7544
2910,3550.31,2102.3506
4083,3140.06,3956.0952
6957,1314.59,1439.924
1954,2177.35,2106.4502
11490,2686.51,5818.7305
6247,2459.98,1912.1544
5985,3154.4,3788.8235
7712,726.25,1176.8835
11069,719.37,975.1794
7465,924.27,915.68756
647,2092.34,1599.4583
1178,1488.35,1139.3998
1786,2303.31,1620.878
5168,2857.75,3054.942
4382,1005.53,1151.5187
3914,1705.68,1628.1991
251,4815.87,3516.6084
6952,4548.6,3871.0034
8952,3223.53,3748.2227
10134,1869.02,1859.2552
2995,1586.35,2087.478
3698,939.43,1445.6073
7438,1945.43,2553.2573
3898,2538.5,2527.2847
2771,931.46,1277.7786
4118,2919.89,2068.3286
10707,2824.33,3421.821
10020,748.92,1077.8163
10581,1380.23,2016.143
9727,1034.94,2258.258
3133,1555.62,1733.1875
3352,833.98,933.75903
9466,2331.76,2155.6462
2420,1522.3,1552.0107
1718,829.86,1081.5925
2474,2232.83,2386.8066
8747,988.99,990.4033
8982,1806.44,1926.5187
4880,2332.01,3604.5762
1562,3738.57,2732.7961
3949,1820.12,1850.8623
3621,3391.82,2082.6558
2442,1559.53,1105.2217
6805,3361.55,2936.304
5414,1927.69,2700.475
4483,2859.09,3785.526
8681,1002.29,1226.8751
10491,1486.08,2191.9858
1408,1390.49,1086.4825
5250,2208.87,2295.5762
7223,2033.79,2386.255
11324,1097.28,1207.9722
4092,1276.33,1516.4661
914,3971.63,2765.7002
2444,1759.64,2410.9612
3724,571.41,754.2277
3148,855.68,1159.8384
562,2038.79,2037.1993
4459,6682.57,4704.792
4676,2417.65,3956.0952
700,1185.27,1414.8242
8421,2496.9,1363.102
6697,2493.04,1591.7946
9862,1824.52,1187.3093
9714,877.79,1175.163
1896,3086.32,2633.4731
11605,2055.84,2284.0012
11236,1659.51,1808.3442
3538,3451.69,4729.2646
10574,1680.46,886.147
8014,971.08,1432.4313
6817,1974.25,1924.4564
11562,2500.8,1884.596
5700,4332.35,2861.3586
592,1278.94,940.89124
6298,767.5,1123.4913
9259,1872.14,2328.972
1791,2558.68,1859.256
6234,758.7,1232.6528
744,3586.56,2538.1257
180,2105.65,2874.6226
10614,3642.56,3591.2637
10995,3682.68,3520.249
5294,7132.34,5331.89
7211,3704.72,2818.1965
33,1834.21,2229.833
11261,3816.47,2465.2097
7828,2952.28,2118.438
1688,2533.25,2518.8933
5202,3249.14,2450.7964
6545,896.37,1227.1418
4610,4014.19,4496.3647
4540,2349.02,3054.942
4253,2464.84,3431.4456
6123,1084.13,754.60065
7104,3951.45,3116.3281
1496,2885.39,2509.2847
9217,2875.89,2740.2646
6821,2125.22,3325.8772
8124,1921.11,2515.797
11354,2544.19,1591.7946
1121,1437.56,1449.0331
6786,1799.96,1385.743
3887,2487.09,2257.8489
1595,2679.3,3205.2803
5598,2964.82,2635.3323
6365,3752.7,5940.033
3509,4012.72,4542.4883
9940,714.53,995.93744
10448,709.67,829.38196
8572,1497.85,1741.9155
7258,1278.8,1381.2493
2184,2752.19,2386.255
4606,2041.37,2170.253
3942,2926.14,5184.738
7923,4307.34,4916.396
1457,5446.27,4601.269
7371,1016.47,1688.2279
6827,1905.84,2583.4087
2167,1812.11,1285.4983
4826,1532.19,2065.7659
8063,1925.19,1503.563
11235,1958.61,1159.8384
10277,2031.85,1908.4401
9050,1437.25,1839.6007
7148,1604.16,2001.0768
3412,4047.62,3195.7505
2471,1519.16,1974.7942
7767,2407.73,1753.791
8071,2693.15,2632.2222
10680,2161.95,2456.7075
7816,3989.56,2916.9805
4833,3965.59,3851.821
9776,1770.2,1985.341
3851,1953.57,2692.433
2586,2289.5,1847.3696
4246,6605.39,7242.9463
8976,1139.93,1375.6686
7844,1069.86,1086.4819
8076,769.78,1122.9685
408,1028.58,1241.8867
3445,1731.38,2281.9465
2201,2331.89,3526.7734
5646,2861.69,2462.9465
4439,2201.26,1929.1974
9927,2077.18,2386.8066
4328,1809.15,1879.8489
7292,860.22,854.92303
6383,1084.86,1378.3988
7290,3077.86,2740.2646
4879,3124.9,3620.5156
6621,2158.0,2258.232
9922,6255.42,7154.49
2377,1425.95,1796.8234
7053,3497.62,4729.2646
4028,959.24,668.5824
11737,1968.33,2277.812
11351,2417.01,2812.901
4991,3639.57,2248.5461
764,3361.42,2204.5596
5211,2307.72,3099.7976
7756,2263.51,2678.1006
9671,2356.46,2680.9004
5120,2352.53,2863.035
9159,1513.91,1026.7659
7946,2091.64,1511.5021
2807,1423.7,1179.1677
8168,4123.47,3091.7844
3678,3035.26,3002.3125
11616,2821.35,2103.266
4816,957.21,978.59155
330,810.69,1038.8514
11465,656.53,709.3633
4250,2025.38,1593.1262
5822,5898.96,6536.475
5405,741.49,1083.2274
1006,2301.34,2537.915
10083,2092.54,1973.362
3379,1906.69,2558.4001
7220,1373.81,1784.4124
1579,1863.36,2353.6133
6669,2251.41,3329.4429
1511,1088.65,1472.7207
2337,1449.63,1282.4487
8485,1086.67,1013.58777
9411,3906.47,2709.0706
9584,2056.88,3096.5083
2351,945.14,759.5334
9803,1592.93,1988.7599
7507,1086.22,1738.6628
2254,1547.43,1325.3718
5960,10646.06,7478.59
6760,4446.87,3527.332
9450,3411.78,2567.2842
92,3428.94,3856.6345
41,1759.04,961.975
8743,1030.28,810.1624
10264,4431.37,3088.3235
11077,611.36,1079.121
9604,4443.95,3213.9739
1219,2760.14,3098.1726
5833,693.21,866.02637
11321,930.06,885.8057
10305,2221.84,2742.7515
7958,4248.29,3450.4082
9677,944.79,1050.078
10238,1480.89,1821.7089
4842,4166.47,3689.2246
856,2501.57,1901.7262
9647,2065.57,1474.7017
2465,3291.69,2692.433
4665,1542.42,1542.2114
5225,3886.4,3570.1638
970,798.35,940.89124
3107,2979.22,2361.8044
11365,1419.09,2006.7069
7915,1847.28,2968.9783
8761,3294.1,2016.478
1965,1286.55,987.05536
10254,2468.96,2892.506
11453,2240.76,1980.0803
4532,1950.7,2045.0142
2516,2176.79,1781.0739
2216,1136.84,1148.4744
5297,1153.47,776.73834
10868,7242.28,5849.5244
2589,1139.02,1474.4004
85,2113.62,2222.054
6421,1396.71,1867.2054
927,1031.73,1247.4749
135,1250.43,1272.8715
8703,838.34,1151.532
4574,1197.24,1048.9116
1068,1039.74,1115.0875
318,1922.22,899.55994
5338,1161.42,1366.6022
11671,2976.95,4963.8296
11308,916.09,896.4492
5799,4319.9,2903.9563
10940,2146.9,2376.8376
4714,2509.35,3018.4226
9150,623.19,737.4599
3011,1590.19,1913.7323
1413,2740.01,2401.7334
3316,2891.4,3805.5044
8406,777.05,1155.1499
10715,808.62,693.2327
8582,1212.97,1736.639
1530,3344.58,2583.3784
7132,1499.76,1815.0431
7698,1271.07,1814.9332
3858,1996.19,1652.554
9162,645.31,914.6316
9336,1077.94,1553.2025
10527,2278.7,2538.1257
11013,3862.27,2692.433
11372,3759.2,2538.1257
3660,1428.02,1444.0435
6502,1232.99,986.1273
1793,2502.46,3088.3235
11497,2644.06,2091.7178
6013,1477.74,1405.725
6433,7457.76,6536.475
8214,4825.85,3438.0903
8888,1365.14,1152.72
3702,2259.69,1859.2552
1022,1710.84,1775.9642
1369,1312.52,1015.07135
9433,2702.86,2194.1487
2189,2550.31,3767.9487
5357,2548.4,3863.3425
1512,2290.7,3067.2156
1275,907.92,1158.784
3160,1368.76,1757.2684
9168,1143.51,1454.9054
70,2080.79,1985.1892
8409,3035.73,1809.7062
9148,1416.19,2170.253
4674,1130.14,985.14307
7678,1110.4,1324.8441
868,2901.13,2512.106
2984,1481.88,1748.5023
4635,663.24,1247.9824
360,2342.84,2361.8044
1479,2470.04,2556.6655
2271,1124.2,1358.1084
1399,1885.91,1499.2152
8665,1615.51,1474.8442
3958,2070.04,2386.8066
8086,2821.55,2348.8403
11560,3090.31,4110.5566
3448,2366.26,3877.7644
2816,3925.43,3662.2053
10992,1522.92,1581.8407
4398,599.28,921.49915
2576,3650.32,2967.37
5183,1561.7,885.8057
5099,679.91,949.8904
8439,1433.94,951.9645
8657,1319.58,2178.4045
8729,2206.24,2135.7607
4901,1343.62,1985.1892
5144,1861.32,2258.232
11590,2818.72,2589.912
11468,3749.22,2295.5762
9842,2351.55,3382.589
7608,5058.52,4520.786
11767,1579.55,1551.2859
10300,1118.76,1095.724
8692,2612.84,3415.3132
1166,4313.06,3432.7551
7563,3068.68,5140.146
10180,1343.25,2370.7297
8779,1447.04,1052.4551
8271,568.36,822.6784
1453,594.92,1266.2595
7307,2033.82,1918.8118
7498,1207.62,1959.316
4921,1225.86,1321.5901
7313,1778.78,1126.1837
8347,1247.45,2013.3032
465,6530.04,4321.7725
2993,937.42,1152.9805
5785,1797.61,2082.9224
8318,2185.28,1714.7485
3601,2537.35,2445.5037
248,1690.5,1253.5133
11552,1818.47,2583.3784
9428,1531.76,1503.563
434,1268.42,1364.033
6073,1585.33,1194.826
3254,2081.55,3537.873
10801,1659.87,1212.8597
5372,2464.57,1452.061
1433,4306.07,3450.4082
11062,1394.12,1151.5187
8031,1592.09,1779.4615
3541,1272.24,600.28864
10068,1435.66,2022.3534
6363,2236.06,3393.643
2932,3590.02,6799.174
1383,2140.1,2508.8264
3582,5005.15,3551.7656
1213,4319.53,3325.8772
2492,3490.84,2914.795
10784,1990.05,1924.7863
7515,1113.69,1917.1316
1208,1545.2,1684.8702
11766,1067.13,1034.3722
5427,3394.21,3251.4397
7159,5293.6,8882.569
9383,1414.76,1985.1892
5363,2851.77,2595.7021
11330,3466.02,3885.0366
543,7512.79,5303.4297
9116,1462.14,1718.6395
3593,1266.83,2018.8188
4884,1648.12,1395.6556
4742,980.33,1181.0779
8028,2110.71,2936.304
6713,2142.73,3150.1
1217,1835.42,1853.7477
11122,981.86,1274.0002
1608,1382.0,1498.165
10752,575.81,908.7818
2439,3207.38,4916.396
4890,1933.15,2191.9858
8084,2665.39,1932.5071
2680,1569.3,1924.7863
2678,2540.59,2887.668
8552,1247.95,1417.3658
4649,2256.52,3013.6914
8289,1756.89,1713.062
1803,1171.72,1247.0908
2847,711.64,1270.8451
8844,1356.25,1099.2815
8873,1604.99,2120.4268
10330,1385.96,988.33484
10315,2504.62,1965.9453
5716,1843.13,2357.935
4898,2248.76,2948.5488
3822,1970.58,1488.4713
210,3322.3,5047.9575
11264,1271.45,1226.8751
10207,2922.39,2703.213
8677,2135.9,2468.3982
7276,5342.23,4264.8916
8077,1870.97,2183.7021
2301,1514.93,1887.7352
811,387.06,652.91034
7524,1690.59,2106.6626
1964,3180.52,2412.5054
7375,1654.25,1611.7985
11548,2874.35,5668.708
4881,1232.73,1086.4819
7859,1184.96,1596.6522
10212,2442.82,1674.7379
483,2964.82,2519.5667
5802,2479.35,3057.706
11732,1583.87,1299.0234
3520,2338.25,3214.3647
4043,6624.15,5688.443
4900,1342.17,1371.9681
9432,2640.17,3425.9321
4708,3449.29,4074.4521
10171,3033.38,2082.9224
1277,4703.14,4266.7925
5128,583.89,966.7727
3997,3035.17,3520.249
4238,2254.58,2680.564
4420,1537.33,2029.4924
6702,1705.44,2073.823
10507,1947.59,1902.9998
3378,1559.65,1849.1478
4442,1013.68,877.75366
902,1460.98,1523.3331
9838,2087.41,2564.5513
8868,1157.45,1176.8835
6947,1284.67,1932.3876
668,1739.59,1159.8384
6820,1139.9,1615.9688
3842,2777.63,2300.4695
10990,974.25,1461.9789
9505,1441.14,1795.1395
9014,1447.91,1655.0247
5270,1800.48,2442.2095
2483,1215.25,1002.8604
1320,1528.88,1551.2859
10530,1504.78,1905.595
3717,838.52,995.93744
1984,1367.55,1880.5774
7919,1399.99,2126.3193
5623,1371.39,1772.6428
8254,694.94,1164.9739
1634,1269.86,1979.3082
7403,3677.97,2386.8066
8739,3267.05,2875.5059
5389,3711.28,2583.3784
10301,2090.26,2566.1091
4914,1383.56,1151.5187
4838,1384.31,1612.7379
2715,1324.17,1912.5997
3529,2356.62,2223.1702
708,1530.85,1880.5774
3776,980.81,1455.3291
4822,5530.54,4168.4316
1430,1410.3,1102.12
3251,2701.49,2630.1191
5910,1681.23,2220.8157
6101,737.88,1002.1893
35,1923.02,1352.6052
10484,5055.2,6534.4214
7873,4073.02,3043.4963
9256,2923.05,2842.665
6835,1680.04,1904.1592
4344,2642.94,1748.5023
2894,1027.56,1491.6846
428,951.94,1375.9894
11469,1066.17,1632.4529
5155,1068.31,1559.5078
7911,1186.13,1500.9277
10794,694.39,1237.5745
10328,6125.44,4410.297
4209,726.95,1139.3998
5411,824.9,1455.3457
3026,2228.76,1369.6198
2540,1681.81,1205.6028
5761,4075.32,3458.9504
8176,1385.36,1234.885
8377,2112.31,1775.7032
2982,3149.49,4410.297
3017,4301.96,3788.8235
3424,1743.69,2118.9668
704,3098.82,4211.509
5677,762.4,1002.8604
3468,1908.87,1445.6073
2144,1847.66,2200.94
7514,2579.31,2229.833
1139,1037.35,1381.9454
608,809.55,950.72156
11318,1314.7,1525.3525
6152,2539.5,2434.98
3035,1190.03,1615.9688
11024,1968.12,1444.0435
6862,1213.11,1615.2458
2582,1932.27,1615.2458
9052,2975.07,3382.589
758,708.5,869.45416
3800,1602.42,1502.5607
2012,4886.23,3758.8564
6275,2152.64,2603.8303
11672,1347.72,1437.9641
11385,3742.07,2450.8892
399,1179.43,1326.3917
11754,1055.47,1199.692
4685,975.8,793.29944
9686,2554.63,2445.5037
1434,4741.09,4042.6702
1396,3260.75,2698.886
9785,1207.03,931.6961
4035,999.95,1421.0929
6761,1117.4,1650.1079
2128,2982.7,3196.4038
7838,3105.7,4483.491
11136,6622.22,4810.896
367,2187.69,1518.1295
8394,2900.56,1898.0146
8089,1880.57,1801.736
6178,997.19,1635.0409
1839,3749.62,4963.8296
5440,1254.63,2110.7737
63,1267.84,1457.0162
7252,1212.3,1235.4061
7824,3611.62,2659.119
4863,1516.19,1835.7472
4702,1925.09,1796.8234
2625,781.46,825.5399
11450,2186.82,2441.919
8654,2612.3,1420.1836
2390,3309.11,3353.9146
6832,2918.75,2512.106
5494,2443.82,1740.4153
8668,996.33,1194.3699
3692,3140.95,2018.8188
427,1591.59,2121.9802
11302,1083.59,1539.6478
1355,1576.39,1789.7433
8449,1080.6,1510.4489
9558,1702.88,2368.2302
5362,1564.4,1713.062
2328,2880.18,2068.3286
6408,1263.69,1651.4835
2675,1746.38,990.4033
676,3651.78,3526.7734
6921,2275.15,1653.2338
2085,1749.09,1439.924
4474,1327.49,1687.9656
7836,5259.56,3698.7903
6044,1231.11,2071.5059
1744,2336.78,2858.0227
1501,1785.84,899.55994
1614,1697.89,1985.341
8416,1242.07,1708.8656
4081,665.87,1094.7164
6037,2449.37,1621.0532
2232,1558.44,1170.7933
740,1577.08,1500.9277
0,3997.07,3763.0208
4978,1213.59,1220.4362
2357,860.15,872.1979
8965,740.89,886.4058
5277,3691.62,2789.8403
11225,1267.51,1101.2601
6535,737.55,1458.1
8568,2381.66,1850.8623
4215,3289.23,2740.2646
3542,2503.83,4219.9478
8262,942.76,1381.1243
9534,892.73,1100.8745
4170,4080.94,5781.751
7261,1727.48,2058.4856
2879,7226.18,5354.1245
2174,883.4,933.2029
5940,2742.85,3767.9487
10025,1774.15,1184.3293
7895,1262.87,1254.405
4216,679.67,687.73773
5790,980.14,1410.8613
10135,901.17,834.4509
1368,2671.89,2635.3323
6494,1388.19,1713.4044
216,1618.07,2285.103
3297,739.85,1136.5223
11148,981.18,919.4223
6310,1712.78,1473.1154
866,1206.18,1930.112
5733,639.25,851.32294
8899,1263.18,1229.1105
3955,3407.93,2221.881
3973,2624.49,2220.477
7607,1999.29,1913.7323
6232,2920.45,2068.3286
8074,3289.04,2046.4198
2389,1629.32,1105.2296
8046,1050.58,1030.1311
7953,1931.56,2257.191
1650,5492.18,6534.4214
9258,2071.46,1796.8234
1978,4338.67,5502.5635
795,1729.35,2103.9702
4792,1338.55,1057.9413
6244,683.46,934.31665
5331,1225.89,1381.2493
8351,2509.72,3051.9814
7103,2001.96,1851.9723
10285,1826.58,2962.9612
11726,2758.22,1941.8389
8323,919.53,1247.0908
10791,1703.56,1098.2692
10997,3321.35,4394.17
11319,1498.02,1596.4932
683,1745.82,1500.9277
9926,1345.1,1482.8547
2405,1769.63,1254.405
11675,2478.81,2661.231
577,4568.43,5838.2217
11445,1190.94,1011.62335
5323,732.99,959.0579
6436,589.49,1162.9994
8631,1033.08,1361.3365
3523,1501.81,1639.1118
2676,2619.26,4564.967
761,4035.01,3767.9487
1953,1266.33,1170.4023
10440,1196.86,1606.9087
3429,2260.6,2089.445
6995,1831.84,1438.989
3013,5961.15,3213.9739
4281,1129.4,930.4502
6334,5534.44,3457.4575
2495,2741.04,2593.3562
11220,2715.49,4723.461
2503,1555.41,1866.4482
10610,1751.01,1346.3123
6930,7184.8,5581.1055
10766,2775.22,2111.4863
7908,910.92,1066.3115
9243,2176.79,1847.3696
10586,1843.65,1439.924
11425,1662.06,1381.2493
4149,7463.58,4480.4043
6192,946.55,1258.3126
9751,2456.74,3164.9622
2714,3256.52,2870.8472
5425,1869.69,2001.718
1041,1747.48,2598.6006
8344,1560.61,1555.541
5549,947.6,1143.0336
10149,1183.01,1640.222
173,1381.3,1738.2623
169,3838.22,4354.457
8698,844.56,739.73224
4341,1952.34,2810.7693
9689,673.41,963.4652
10359,1886.64,1936.2058
960,2184.14,2370.4512
9330,1040.54,1247.8992
4551,3831.53,4354.457
11349,3263.04,4807.1914
883,2583.47,2071.9863
7634,1136.96,2013.3032
11265,1515.99,1280.0411
799,2336.56,2342.0603
5844,2553.23,2277.812
3393,2789.49,2804.2922
5261,3732.33,3956.0952
4010,2115.71,1611.0514
5019,2404.3,1743.36
3021,1933.18,2450.7964
5281,1733.42,2117.3088
2522,1184.72,1760.5765
3299,1696.57,2618.8057
4147,1434.09,1523.0925
2948,1507.52,1276.1693
1883,1554.97,1381.4027
1807,1035.9,1173.5223
6110,1112.19,795.494
1160,1741.85,2102.3506
11307,4329.46,4042.6702
9988,2201.28,2804.2922
10182,2016.82,1395.6556
2701,2352.56,1326.3009
7063,1262.01,2011.2361
7708,3236.66,2400.3389
586,1237.68,1154.3909
6594,1316.05,1606.6818
4345,3029.45,2174.742
9420,2238.9,2353.6133
2751,2686.26,3439.0828
7988,2585.31,3583.531
9191,2677.46,1758.0812
2252,3380.89,3676.548
2412,2363.76,2386.8066
1147,975.65,1216.8801
4080,2130.54,2178.1707
5620,688.33,990.3446
10066,3733.14,3098.5952
8015,2693.45,2458.7756
7884,2166.48,1924.7863
11757,1714.02,2462.461
3034,1860.34,1303.4629
11384,2491.46,3320.1787
10694,1506.3,1684.8702
4772,2267.41,1533.0698
2996,713.0,944.9122
10088,1781.61,1444.963
9981,2295.77,1834.6913
8099,2438.68,4219.9478
7445,2063.99,2183.7021
103,2240.32,2959.5269
2802,3224.77,2742.7515
7717,1132.67,2035.8655
6844,2272.25,2539.089
6839,5468.61,5197.2524
5888,806.31,1147.1653
3941,1885.09,1520.5731
4139,2276.86,1865.3605
1720,2715.81,2685.8828
4113,1681.59,1335.973
7443,613.8,565.0604
3708,3859.84,4486.828
4417,913.56,1133.2363
4972,1457.25,1434.9176
291,4818.17,5845.1626
11073,3227.82,4704.792
2036,903.49,990.4033
9356,1866.45,2929.47
4960,2040.2,2370.0464
8972,2228.12,2522.0664
4115,3084.28,3368.4048
8846,1262.98,1641.7584
6956,1507.3,2087.478
3425,3728.84,5354.1245
7456,1287.19,1605.2869
11275,3928.23,3724.6965
7837,3021.48,3264.1113
7367,4352.6,2806.1206
7585,2403.77,2260.8323
3838,2431.88,2445.5037
4367,2663.7,2626.4492
1498,1259.99,1118.1508
4089,1292.49,1224.4828
5527,1238.46,1847.6692
7781,1846.86,2633.4731
2692,2831.46,3062.7131
1347,709.45,1189.9354
3059,1552.41,2146.1543
8643,2637.0,3604.5762
9935,4489.43,4293.012
5062,1617.15,950.3457
8059,979.69,1445.6073
3014,1578.17,2042.0468
5723,1252.37,1615.6498
2929,4213.1,2539.089
621,2161.8,1449.3748
10919,1837.73,1080.5151
8885,819.92,1134.1577
8733,2358.01,1579.0581
9675,3149.01,4937.206
3027,2668.04,2089.445
7637,2712.55,3353.9146
11386,2433.96,2639.7146
9303,1765.54,1688.2279
265,3359.13,3068.5999
9431,2263.63,3553.4878
1692,1540.95,1591.7946
7746,3651.4,4916.396
8671,2416.06,1801.736
1285,1344.06,1532.8558
3994,2931.71,3520.249
8282,740.97,979.6116
8118,1760.2,2554.6545
7199,3145.35,3320.1787
8813,2618.84,1797.8741
5025,987.85,1498.2544
3487,3040.78,1988.8336
11341,2399.68,2708.7632
10651,1359.26,1398.234
259,2518.04,2564.9587
10591,2601.37,1772.9604
6005,3043.26,2198.892
4264,1244.53,1921.452
7001,1152.27,1281.7961
756,4299.88,4945.7197
2108,1296.09,930.4502
10299,1962.73,1340.0057
4810,1477.47,1151.1895
10125,1980.64,2818.9402
3006,1947.41,1951.0372
11303,499.86,708.2604
9594,1323.79,1905.0975
2691,1578.46,1182.2009
9349,2276.32,3230.9336
694,1404.16,1539.6478
9992,1452.29,1895.581
1740,3306.98,2481.5947
5007,2410.43,3694.588
3305,2126.62,1642.9922
8094,3175.77,5418.6475
3105,1969.89,2234.4438
3499,4504.45,3495.1443
1683,923.99,854.92303
3307,1263.21,1005.2701
6648,582.43,1079.121
8515,1389.57,1267.0118
9308,3656.87,3689.2246
10549,789.78,940.89124
3773,1088.88,1324.6432
8715,858.71,1245.3746
5638,2140.63,1156.5242
6066,2707.29,2089.1074
11722,2174.77,2765.7002
6946,1121.82,1251.7219
4127,1026.05,1405.8075
10653,1939.18,3537.873
1237,542.93,690.0082
2788,2712.31,4807.1914
2325,1456.42,1486.1781
5146,1702.86,1647.7025
4110,2300.31,1994.2068
8639,3009.2,2973.8926
11184,3825.92,3055.5603
8834,3235.77,3141.3628
3570,3257.35,4999.597
7503,2295.01,3166.9922
5322,2241.55,1548.7206
1643,538.32,978.59155
3658,6091.5,4704.792
7286,1733.86,1968.5245
1845,846.82,979.6116
10797,1039.43,1434.9362
4047,2269.77,1749.5504
4333,2150.36,2042.0468
2927,1131.55,1206.1754
1061,4333.05,6264.6963
7405,2128.05,2380.105
10848,1349.92,1340.0057
1254,3021.66,4601.269
952,1550.97,1126.1837
7469,1746.13,1869.7847
9269,839.24,1050.2961
3921,1792.09,1639.6077
1118,3573.01,3151.867
7187,1906.71,2073.267
8593,4272.83,3552.0293
8144,768.75,771.5756
4385,1116.06,1357.704
6512,3093.58,3633.8008
5210,4725.81,3402.7373
9720,3470.92,5401.302
2145,1703.19,1182.1425
8489,3180.61,3763.0208
10358,727.12,669.1205
5138,1438.45,1797.2086
2348,3180.14,1841.94
6128,4909.08,5217.4067
10463,1744.55,2099.9614
4412,4701.1,2810.6895
11697,2002.9,2537.915
11014,3408.62,2680.9004
1056,2468.24,1595.3114
1146,2261.47,2286.11
2039,1085.67,1131.9281
3206,4130.72,3241.7651
11635,439.9,620.2502
7810,730.98,921.49915
3115,3105.58,3550.1272
8,6409.03,4626.804
1981,2750.2,1727.1686
3208,2515.07,2812.901
8345,1025.32,1507.5432
3527,1564.86,1548.7206
96,972.19,1161.4071
1459,1272.62,1852.6096
2236,4941.32,7781.044
426,3047.64,3552.0293
5579,3902.83,4491.343
8490,4818.03,3055.6008
4073,2764.58,3633.722
6062,708.16,1018.9669
2588,932.61,938.2099
2034,2304.02,2407.3083
3859,3032.6,2370.4512
8104,1184.56,1232.549
979,2304.29,3362.2805
1042,2993.35,1867.2054
10438,4783.35,4761.3164
6772,1224.73,1654.3357
4337,1013.06,1409.3059
3910,2683.2,3374.073
11076,1357.74,2020.7035
7784,2604.09,5732.936
7402,1745.55,1736.8446
9220,2814.16,3457.4575
582,1191.61,1560.7307
11412,3529.1,1959.3472
5228,2871.81,2208.1038
6802,2433.37,2874.6226
2407,2423.96,1910.7295
3,751.17,1246.9908
4415,2370.27,2432.422
410,2304.34,2145.8198
1516,1514.3,1796.8234
9625,2951.24,4002.713
6733,1594.55,1363.102
10924,2159.2,1668.4789
2380,2403.88,2432.422
3447,1633.54,1762.6849
263,5397.19,3296.0862
4913,2656.8,1730.7567
439,1066.92,1111.8217
2473,2571.54,2481.579
4561,2123.69,2157.1536
7887,1598.61,2425.101
5936,1337.38,1869.7847
1107,2608.05,2863.8594
3608,908.19,940.89124
3919,2865.98,2589.912
7202,2303.6,2199.6282
88,691.35,1241.8867
3671,3166.37,4723.461
5245,962.99,1247.8992
8156,1934.21,1218.8358
9912,979.21,1105.2217
6497,1626.66,1711.8875
274,1635.83,1980.8464
1281,993.16,1246.5682
3349,2537.53,2916.9805
3194,1368.45,1605.2869
5379,1413.98,2694.0571
4373,1833.72,1924.7863
3912,2355.55,3018.6692
2127,1845.58,1727.6086
2310,2902.58,2421.1213
2952,1636.02,1101.2601
4638,2461.81,2079.431
11028,1544.44,1616.8195
415,2490.82,2519.5667
1662,1178.34,1177.1492
2057,3050.98,2024.0264
7272,5294.51,3716.6953
10642,1102.26,1646.4469
5289,2596.52,3021.3442
10864,1058.62,1143.1978
710,2251.63,2439.2651
5814,2718.55,2370.7297
7163,806.69,1141.5305
407,1372.66,986.68195
10103,1496.03,2191.9858
9684,1558.9,1519.186
5230,1415.63,1301.3396
2372,2607.14,3095.36
3782,3232.81,2277.1345
1768,922.06,1073.3551
5361,4204.8,2746.6597
7871,1184.72,977.2748
7933,774.9,1071.1388
5665,3397.65,2789.8403
3746,1202.86,946.73737
10442,2595.37,3096.5083
2087,1517.72,1695.5404
4403,1007.41,683.98047
2417,1933.3,3676.508
4091,6817.83,5542.4053
1523,1083.76,1693.3481
7091,1076.01,959.52423
7534,1807.73,1275.6718
2760,1923.09,2110.7737
1110,3619.35,3371.7578
9663,2086.84,1928.7119
1406,2128.82,2079.431
8825,1342.64,1534.7001
7303,616.06,959.0579
8759,1614.16,2001.718
4698,711.91,1157.4406
8420,4858.65,4956.1504
6088,1566.68,1880.3092
8397,1808.1,2149.3477
8689,1002.62,1190.3925
2960,1058.82,1502.5607
7801,2580.57,1787.0344
10837,2224.4,2336.454
4720,4238.65,3479.4631
2615,3181.29,2783.4583
633,1446.88,1381.4027
10542,1345.29,1419.2415
11245,941.79,972.3844
9529,3500.75,4594.5522
5828,840.28,985.14307
9095,1508.25,1630.8162
5937,1241.11,1493.3073
131,2500.94,1867.2054
2342,1885.48,2234.4438
455,973.81,617.36847
9266,2741.94,2472.347
5032,1950.73,1405.1754
10671,1069.07,1820.8035
774,1485.71,1038.8514
7711,1841.68,1272.8715
311,614.13,944.0022
11331,1096.91,898.93726
5851,1331.26,1950.7017
5038,1811.59,2464.2615
469,2445.48,2037.1993
3184,977.15,906.6386
1350,999.68,1173.8777
11430,5069.67,3526.7734
10186,1468.42,1474.7017
4419,1471.22,2033.1146
247,3315.02,3346.781
993,803.47,985.06494
736,1292.07,1782.6467
2517,1018.58,949.8904
6939,1289.11,1433.9429
4667,1762.36,2401.9492
9037,1631.75,1957.5261
4407,1993.31,2798.951
563,1202.14,1384.6024
4602,2872.35,2167.7947
6848,3471.43,2821.5198
4453,1934.54,2256.8928
1576,2331.33,2568.877
2626,3754.03,2172.1748
8312,802.69,760.78674
10500,1491.09,1414.8242
11007,1432.74,1569.1055
5221,3419.6,2221.881
4738,1699.48,1278.2334
9814,2150.06,1926.5187
8373,1003.72,1133.2393
11042,3164.42,2481.5947
79,1784.77,1410.8613
8290,1143.89,1732.811
796,3720.86,4594.5522
1669,1555.88,1133.2393
5614,1020.64,1632.8237
5627,2220.22,2233.3982
10304,5438.85,5919.8247
10548,1010.88,1654.3357
4245,1276.81,1740.4153
6954,1356.24,933.75903
2009,1130.03,1651.4835
2527,1905.03,2741.4553
7180,1537.86,1013.58777
7506,1303.02,1199.692
10276,1755.42,2470.7136
5848,2447.38,3196.4038
333,4200.16,3159.4202
3038,850.61,1108.8301
6301,5538.47,3788.8235
10561,1333.99,1839.6007
1084,1174.05,795.316
4410,1613.02,1800.1287
450,1691.18,1683.1536
3488,1380.63,1923.8856
10218,1702.29,1918.8118
4993,1871.95,2117.3088
293,845.64,1341.4548
1250,2914.19,2118.9668
1145,919.3,1638.3931
6174,2890.34,1844.2234
7244,1303.36,1324.6432
8239,2137.22,1474.7017
3710,1233.71,1265.6294
9830,2361.21,2568.877
9933,5035.71,2847.1587
8092,1628.87,1917.1316
10427,2183.76,2410.9238
6866,1207.75,1932.5071
852,1253.75,1785.5796
1494,1440.05,1206.1754
7243,3187.06,5185.4175
5657,1549.23,1149.5386
5640,1614.44,2380.105
5259,883.9,1234.885
6109,1871.44,2518.8933
5523,2556.48,2836.32
5826,4201.66,2512.106
188,1443.2,1712.1879
1123,575.16,789.0482
1747,1621.14,1553.2025
9118,3163.16,6264.6963
11419,1852.07,1510.4489
11760,950.07,1096.0203
5152,1343.58,1661.1942
5380,1628.32,1169.196
5426,1318.46,1295.3245
10504,940.75,854.92303
4919,1240.09,1615.9688
6357,2497.02,1754.3525
8744,2551.07,2091.9888
500,1667.09,2340.1877
290,1124.19,1433.3041
3846,1322.76,1363.2294
7567,1616.38,1836.8912
10968,3940.23,3098.5952
3314,923.86,1210.5305
6179,2626.93,2198.892
8368,3604.04,4639.3257
7289,1010.68,1390.9578
590,2363.91,3676.548
3485,6499.67,5235.252
7191,3924.86,5024.922
2913,4937.02,4151.6567
5613,1397.65,1432.4313
10912,2312.12,1396.147
7969,1413.55,1202.7799
3061,917.73,985.06494
4870,3648.38,2648.1265
3694,1872.56,2564.5513
777,1134.35,1611.4642
8222,601.36,750.6005
299,2418.11,3182.734
5434,4884.84,3051.9814
1090,1130.4,1495.8363
1194,854.79,1149.5386
7890,1608.71,1139.9503
5273,1100.75,1615.9688
8579,2148.6,1941.9011
1983,5293.8,4406.9585
6730,747.64,542.759
971,1337.1,2161.9895
5391,1264.58,1301.3396
8635,3411.42,2346.6382
1113,2788.48,3480.9114
4317,2306.92,3013.6914
9843,2071.02,2728.0476
1592,2787.07,3091.382
2935,3639.55,3013.6914
6923,1938.4,1169.196
10468,342.89,511.8574
5524,1630.3,1201.471
1082,952.28,883.8841
7389,1234.14,1702.276
3204,2108.0,2522.0664
6543,2359.83,1336.6844
6120,5570.64,4736.682
4102,1075.54,1634.5194
2759,1089.62,1201.5562
11408,2424.81,2129.8987
1950,1673.26,1578.8688
10004,4406.22,4810.896
10444,1814.45,2016.143
8098,3071.66,2118.6257
2753,1318.24,1405.8075
9944,932.9,899.76044
8047,2265.71,1521.9807
7907,850.74,1331.611
2519,1287.06,1825.4877
10827,1631.33,1048.9961
6112,2577.56,1556.2113
11505,1536.52,1474.4004
1149,1326.47,1693.3481
7149,4660.52,3088.3235
895,2109.6,1850.5757
7797,1805.03,2475.7107
7447,1921.21,2338.822
765,1358.06,1633.6982
1935,4106.33,3061.811
7173,3032.11,2550.0825
7401,4624.19,3885.0366
11063,2168.33,1865.3605
1851,863.82,1455.3291
5701,2410.16,3613.7544
4889,2722.37,2527.2847
6208,1117.68,1397.3019
7322,2574.19,2386.255
9139,1952.68,1851.9723
6877,1182.91,1466.0575
4007,1306.79,2191.9858
565,3559.7,2711.6843
5800,1210.34,1814.9332
2150,1102.95,1667.874
8791,748.54,1025.835
3984,1846.92,2070.7754
4093,2504.23,2256.8928
1011,864.46,1139.8911
11315,981.61,1346.7805
6161,1644.92,2013.3032
11569,1296.79,1202.7799
7080,2258.4,1561.3463
9101,6676.96,5183.753
11710,1046.29,985.06494
2620,879.57,1460.221
8048,871.06,1381.1243
2227,2189.32,2232.0618
4949,2309.94,1961.5907
4957,1079.79,1335.7064
1905,1286.27,1066.1769
3540,2041.25,1465.7886
6146,4987.88,4354.457
2231,4807.96,5667.228
6886,2821.55,2103.266
5963,1265.9,2340.1877
10376,5043.04,3689.2246
9566,1513.01,1433.3041
9743,4464.02,2975.4922
7200,3685.92,2758.0408
5471,3480.33,2277.812
1345,1397.92,1486.1781
1444,2272.43,1281.1132
9703,1205.06,1754.3525
8600,936.31,821.08453
9449,2905.1,2908.035
7666,3716.41,2481.5947
3617,1621.45,1363.102
9853,5876.66,4868.086
7834,2581.1,2807.8015
1593,922.16,1114.6935
7251,3286.03,5221.739
9043,1640.72,2633.4731
4205,998.69,979.4724
5666,8147.95,6799.174
80,1164.94,933.75903
5235,7038.33,5192.9873
6499,1748.17,1075.4451
3421,5283.48,3055.5603
921,1398.54,1635.2565
335,805.87,1322.6136
7782,1207.04,1912.5997
8256,2047.19,1808.3292
1570,1136.16,1752.5356
10148,1815.77,1483.1223
4844,1870.63,1950.7017
1572,1906.99,2012.8977
3344,1999.32,1270.2461
8215,2968.74,1915.1393
3244,1481.56,977.21686
9668,2737.38,3767.9487
5236,2844.16,3314.7844
1509,1330.0,1912.3109
9745,2579.21,4446.6675
8403,4663.89,4263.715
8688,6109.9,6639.5273
9498,2636.4,2962.9612
6386,3608.14,5126.041
10220,1940.32,2462.9465
10495,1972.84,1943.9432
2507,4648.73,6575.6
111,2922.91,3520.249
5943,3438.18,5126.041
10512,2762.0,1738.2623
472,4460.16,3789.588
4771,1036.89,1199.692
819,1574.31,2103.9702
2054,996.39,1429.3972
2270,2593.13,3079.1125
9366,5382.2,4594.5522
3404,6622.67,4704.3643
6533,2116.28,2664.7908
10615,1343.31,1301.9926
4156,1537.37,1493.7665
11313,1959.81,3162.1443
8968,1034.14,1341.8171
3544,977.17,1482.8547
11597,1634.76,2084.4553
1183,1474.09,1467.1866
31,3584.25,3600.984
3139,1692.56,2145.8198
4449,1247.49,1274.316
6249,1760.72,1280.0411
7332,2308.36,1543.57
1566,2514.0,2601.3064
7376,2743.08,1861.9767
4584,1317.35,2169.9077
73,871.35,1083.8398
4026,1883.12,3013.6914
5087,2704.06,3361.2764
7739,861.72,1301.1437
5572,2862.52,3625.4192
3948,1531.81,1331.3005
8772,3159.52,3902.8447
6106,2202.76,2170.8235
3889,4241.3,3742.8662
4580,1383.59,1482.8547
8642,1897.96,2089.1074
7228,3308.96,2741.4553
4899,1815.04,1637.2148
1111,2177.61,2444.3625
2688,2934.74,2172.8535
6501,1918.62,1941.8389
10466,1551.04,1980.8464
9272,2363.91,2894.0535
5577,2254.51,3799.8276
373,1761.9,1782.6467
9143,1184.27,851.32294
4228,3534.24,2538.5654
10081,2468.19,3296.0862
10855,3141.26,2370.5635
9192,1394.36,1440.0492
4695,1251.12,1547.5591
10085,2193.52,1666.3064
4256,1331.74,931.6961
2954,1031.63,1069.0216
6932,1118.49,1815.6437
1193,2232.82,1808.3292
45,1161.02,1591.7946
2986,612.67,921.49915
1201,1290.93,899.55994
3647,1241.22,1525.3525
10937,2980.47,1898.0146
2709,3596.02,3098.5952
8912,7266.53,5810.778
3599,5295.72,5581.1055
11241,1059.31,1243.2893
4791,2697.23,2048.324
8093,1980.33,1567.0879
9957,7982.79,7781.044
3003,2555.79,2933.3953
1584,1549.07,1237.089
9602,5402.68,3884.8015
7108,2844.53,1834.6913
5756,6953.6,4581.1724
10038,2975.22,2844.756
3043,3286.5,3369.841
1864,4150.29,3322.0205
2020,2180.11,1840.7894
7609,10735.12,7781.044
10721,1461.29,1132.2378
315,1253.3,1849.409
10090,3935.37,4404.0996
9737,588.52,854.24805
8207,332.71,703.9581
2340,1177.7,1366.3213
6300,1395.46,1473.4739
9194,1787.25,2338.822
7346,2370.31,1571.6472
7169,1108.74,1604.741
1472,2297.27,1525.3525
3669,1619.71,2183.1904
5180,1412.23,1553.2025
5009,625.93,713.1936
3685,1923.7,1477.2473
7399,3180.98,2386.8066
6634,3298.29,2860.7249
2818,1040.53,1398.234
7755,1717.18,1466.0575
8819,1348.09,1821.7504
1351,1828.76,2680.9004
1071,536.42,778.401
4123,2736.31,2630.9556
3742,2500.77,2908.035
9392,1289.24,1379.8782
6018,1077.92,1869.7847
10275,827.36,693.2327
2943,2528.14,3182.734
9772,3219.07,2981.4604
8451,1468.48,2291.2683
1594,1306.56,562.9698
4104,2758.48,3188.8337
409,5129.37,3788.8235
4874,1262.34,2008.7538
9487,1642.81,2318.8162
5125,4293.34,6154.1987
4484,2169.47,1851.9723
576,1743.09,2187.269
9676,3488.89,2823.9216
4807,1460.25,1547.1903
4680,1792.5,1298.6047
5643,2358.17,1437.1255
11281,2106.8,1738.2623
11068,3582.45,3625.231
6940,2465.27,2821.5198
713,920.41,1282.5984
2391,919.76,1066.1769
937,2001.28,1632.4529
9201,1681.7,1256.9
1087,1140.21,713.62976
6987,2105.29,2425.101
10830,1921.28,1715.5338
3649,2836.88,2234.704
9294,1749.37,1795.5209
3323,2942.95,2798.951
3079,2853.92,1974.7942
1454,588.55,703.1781
6201,2089.94,2698.886
8167,2899.27,2855.0845
881,1262.7,1853.7477
9287,4335.61,2959.5269
1710,1459.05,1615.2458
2754,2793.78,1835.7472
3465,922.24,1114.6935
8269,2959.07,3088.3235
7267,1606.35,1437.9641
4541,825.46,1455.3457
6458,1790.23,2284.0012
5464,2603.93,2924.695
10531,1241.75,1366.6022
10909,2063.03,1151.6427
6551,1107.45,1460.221
9983,1775.85,2120.4268
6149,623.89,1049.7069
8012,3508.18,2874.0989
6389,676.22,750.71204
532,1409.77,1661.0691
3118,1622.56,1473.104
2608,1074.69,1234.885
10297,1979.18,2346.6382
6876,909.07,1391.4536
7268,3210.04,3453.3093
10199,1321.15,989.2003
1597,2671.74,3431.4456
6412,2472.47,2073.267
8457,2946.65,1815.736
3458,2409.37,3935.8303
5111,1698.84,2618.8057
5763,1681.91,1941.5792
7212,2411.86,1581.8407
10616,963.41,1151.9331
6651,3133.41,2183.1904
1180,828.17,904.4717
5994,1305.43,1472.7207
9170,3268.66,2985.9695
5735,1429.22,2065.7659
6472,1544.31,1968.5245
7248,967.58,1181.0779
958,4927.47,4260.21
6114,858.47,1173.8777
7883,4849.31,5192.9873
733,918.58,953.34467
8128,1108.37,1644.9045
1188,3779.24,3633.722
9735,3279.45,2179.1255
8473,2787.01,2462.461
3101,2437.03,1551.4636
9767,4524.28,5686.566
2457,1716.43,2178.4045
7078,2269.91,1736.7826
4374,1289.42,982.9442
2344,1375.11,1494.1522
10377,1210.15,1186.8049
8821,4810.7,3282.4087
4359,1240.71,2166.4502
10384,2672.87,2434.98
3284,3528.74,2689.6038
9136,2343.91,3479.4631
9213,1286.94,1932.5071
5226,2052.46,2798.951
9415,3949.99,2791.9155
5707,2201.95,2396.4805
4477,1990.56,2783.4583
1691,2714.56,1965.9453
542,1535.15,1164.9739
1210,2364.07,2883.5393
3989,419.41,715.6631
5519,1331.83,1119.3671
123,922.21,726.39844
5511,573.45,838.9227
6372,1394.87,1303.4629
1952,2310.21,1547.1903
9402,3217.99,4446.6675
1578,1539.15,1026.2135
5561,1343.85,1473.104
3928,2229.29,2618.8057
5837,796.47,1605.2869
4295,1354.1,2001.3986
1795,1772.67,1458.2502
11696,775.37,885.8057
5517,4578.23,3967.4595
6245,829.66,1132.2378
2218,918.46,1093.3468
8432,2836.46,3654.6853
10240,946.67,1301.1437
8499,2525.58,1547.1903
5928,2360.61,2318.8162
9816,1124.16,673.2003
6193,1074.02,1806.5348
11051,2542.89,3055.5603
11317,7288.13,4838.658
8493,1943.04,2242.6775
1891,1147.34,1075.4204
8284,2410.62,2695.5647
6515,1668.95,1581.8407
295,1239.88,1569.1055
4984,3005.64,2468.096
6437,5091.77,3972.7324
4189,1841.36,1644.8923
8022,1560.52,1676.0149
1785,1306.41,710.8582
9048,1481.33,1585.1901
286,1048.32,1577.9714
4999,871.71,1341.4548
1758,2604.93,3018.6692
6080,1538.64,1579.0581
1284,2061.1,1924.5363
10163,965.4,1151.532
4828,1104.26,1023.8443
9938,1690.27,1815.0431
10556,1337.57,1720.5898
9979,4820.1,3324.8806
7700,1978.26,1732.1709
4513,1350.17,1381.1243
9134,2039.14,3195.7505
8653,1728.76,1716.6246
549,1267.66,798.7182
2319,1090.6,1177.0789
9199,3185.85,2952.7263
4060,3724.2,2403.8271
8875,1337.88,1615.2458
5335,1352.53,1529.2081
9122,2331.79,2441.919
6118,685.49,736.06683
5303,2168.06,2458.5054
6076,1696.47,1736.7826
11364,5268.64,4365.475
8816,1229.42,1898.6953
11661,1071.73,1177.4086
9740,1636.22,1412.1747
9724,1254.93,1820.1713
3469,2675.48,2675.6304
2855,2333.07,2522.063
4193,1211.97,1421.9863
5459,523.52,586.54236
9340,1853.61,1880.3092
8969,2212.77,1988.8336
11541,3556.58,4859.699
6071,2380.68,2863.8594
2777,4326.73,5165.049
1303,1600.64,1889.4005
5417,1165.5,1775.9642
11518,1652.69,1921.452
8355,5215.22,3758.8564
4860,5433.56,3079.1125
9483,988.5,828.7248
4339,1981.52,2274.6602
11581,1197.5,1290.3357
11528,1863.32,2234.704
7932,1563.12,1849.1478
6639,676.17,1101.2601
9257,2245.9,1493.7665
2980,2221.46,1825.4877
6326,3114.27,1944.1635
8454,2089.48,2229.833
2360,2105.68,1564.2893
5030,875.53,1090.8403
4710,1407.66,1304.8716
2452,6842.84,8377.934
6775,4206.15,4807.1914
467,3029.42,2916.9805
5958,1701.26,2444.3625
5317,1356.79,1939.1667
5894,3576.0,2892.506
106,4813.04,3196.4038
2609,1689.75,1857.0021
10392,1269.62,1133.2393
3146,4361.69,5426.438
10816,2703.28,3182.7786
411,1779.42,2686.1877
5597,5258.16,3877.7644
6464,1136.13,1437.0286
9950,938.57,985.14307
2154,928.71,1299.0786
7995,1519.55,1865.3605
10889,1277.12,1542.2114
8090,1696.29,1298.6047
6384,2698.8,3789.588
3068,1719.62,2469.5596
4871,2453.58,2102.3506
3819,1947.86,2564.6353
7044,3286.53,2183.1943
9305,1508.42,1821.7504
2629,1143.2,1779.4615
1862,7287.07,6689.0703
2732,3080.89,2009.3907
8892,1646.62,1584.8492
4707,2689.4,2451.141
7195,5342.79,5192.9873
10598,2865.36,2468.3982
10628,2363.24,2589.912
29,831.69,1050.078
9859,2708.85,2117.3088
2919,1879.56,1965.9453
3651,2096.91,1473.4739
568,1296.28,1276.1678
4003,1715.84,1543.57
10908,3067.16,1828.9324
1245,466.44,974.4388
9332,2073.94,2593.3562
1458,2364.64,3573.1335
7109,1558.65,1912.1544
1835,1747.64,1346.4847
316,4889.73,3315.902
108,2567.52,1636.3916
5478,1635.15,1867.9209
2846,1072.63,759.5334
4794,2411.47,3456.3804
8852,2367.71,1835.6201
4480,1094.55,1380.0187
11509,3473.58,2102.3506
6880,1524.68,1421.2758
8955,2791.86,2222.054
8786,1412.92,1928.7119
8025,675.85,933.2029
4226,1561.62,2015.2216
3449,1702.56,2305.1287
4605,1256.89,1216.8801
2628,1709.07,1445.6439
10324,1039.22,1267.0118
3082,1367.58,1154.18
6117,2242.19,1753.791
4640,909.21,1298.6047
7065,1955.02,2690.5383
973,1251.97,1179.0975
4365,2098.76,1340.0057
8641,2241.79,1727.6086
6627,2900.72,2864.4314
5526,2353.14,3884.8015
8536,2142.95,2908.035
7976,1789.57,1564.6001
6800,719.46,1164.9739
1374,1262.04,1537.1337
3286,863.5,1072.1674
3031,1708.12,960.5884
10284,2974.12,2855.0845
10,2044.38,3182.734
5916,5462.26,4074.4521
3528,1487.63,1815.6437
3860,693.06,1321.5901
9513,1505.39,2016.8092
7962,3454.14,1815.736
4098,2262.42,1869.7847
718,2244.92,3214.3647
3288,2605.81,3475.948
6896,2063.76,1612.7379
3813,3605.23,2046.6058
735,1554.6,1713.062
6750,2107.98,2137.5095
7460,1683.71,2015.6599
11460,753.1,693.2327
2140,5070.16,3672.905
7518,1611.04,1461.9789
6452,971.83,1226.8751
909,2015.61,1996.9678
9989,2772.57,3884.8015
496,1392.21,1859.2552
11020,3436.94,4219.9478
11614,1323.68,1837.6212
11716,1101.68,1216.8801
6632,911.48,835.2685
1206,1605.75,1776.9862
5034,2037.38,1836.8912
10204,3328.1,4404.0996
9112,2522.06,3315.0403
1195,2582.81,2272.9849
6050,6011.23,3967.4595
6119,949.21,854.92303
3585,1855.29,1161.8328
2858,1281.12,2164.8853
7872,4456.67,3105.7
9289,1758.87,1065.5072
6196,717.11,834.4509
288,775.68,1218.3674
4743,6322.61,3844.7017
3971,2303.15,2376.8376
3431,4466.93,3956.0952
7685,2336.06,2316.6538
3037,2927.9,3603.667
388,979.98,777.178
836,1075.09,1361.7795
9595,2815.19,2111.4863
2957,2254.29,1782.6467
7219,2646.56,2959.584
5027,1183.69,1368.4596
4291,4423.31,4480.4043
2922,1276.98,1809.6156
7181,2308.98,1435.8973
1112,2602.42,3480.9114
6077,3163.33,2468.3982
9876,7279.85,4320.3555
9669,1263.57,1757.4199
5836,2134.27,2338.822
7282,922.45,617.6451
3784,1080.29,1391.1483
267,793.3,1173.8777
11691,2106.69,2439.2651
3387,1159.39,1270.8451
5731,3343.2,2425.101
5470,3632.8,5732.936
3025,989.51,1361.3365
8229,4679.13,3906.4714
4759,1622.71,1314.2848
10597,950.94,1232.3729
6322,1164.31,1314.3524
1379,1677.68,2810.7693
9311,1433.07,1552.101
9277,1076.35,1077.6892
416,3899.89,2593.3562
7051,1236.74,1473.1154
7417,885.24,1366.6022
1962,3648.96,2368.2302
620,2641.9,2050.2065
1703,864.71,946.73737
8051,2218.92,3346.781
5026,1442.13,739.73224
3088,1479.28,2149.9082
9219,1663.36,961.975
6045,641.49,693.96826
3704,902.12,699.0266
5781,3363.72,4162.2773
1190,2965.07,2118.6257
11222,3123.1,2129.8987
8537,2185.16,2804.2922
10211,3935.58,2948.5488
5729,1527.24,1379.8782
5218,2111.0,2144.6484
3883,2877.0,2187.269
10017,740.07,512.6065
1506,1256.99,1972.4374
9229,4891.72,5502.5635
5885,1117.76,1366.6022
3620,3192.05,3223.058
8606,1982.51,2324.7566
4770,909.83,1133.2363
11474,1177.31,1275.6718
794,4982.32,5735.3003
730,2162.8,1847.6692
8909,2236.81,1688.8368
4786,1721.44,1713.062
2916,940.39,1023.8443
9704,1875.19,2166.8772
3519,1390.74,1102.4663
1745,2729.34,2518.8933
3691,2418.0,2975.4922
4454,8023.23,7586.0845
4335,721.85,1007.4761
11480,771.14,1331.0447
10534,3739.5,2151.5793
1199,2466.54,2545.5662
9495,2192.5,2018.8188
5547,998.57,1455.3291
10270,1363.16,1933.3425
9839,2477.37,3331.016
9051,1581.8,1596.6522
1889,974.3,1397.3019
5076,3288.65,2136.953
11393,4227.27,3450.4082
32,1878.4,2351.965
7748,2006.15,3163.4714
6856,3122.72,2273.6714
9482,5723.3,5895.755
11387,1948.04,2432.422
10072,2766.87,2172.1748
5865,4353.3,4050.1633
10461,1839.58,2009.3907
8979,2335.66,1860.9921
7281,2778.78,2875.5059
9878,794.42,989.2003
8456,752.3,869.45416
3668,2803.18,3827.168
8243,1546.51,2001.0974
8694,4844.14,5185.4175
6189,1646.19,1783.7537
10031,1781.57,1638.3931
1486,2296.52,1996.3562
605,2061.34,1270.2461
6051,920.34,1245.3746
6466,1919.83,2274.6602
1533,1743.52,1740.4153
4519,1268.8,1177.4086
6754,2598.53,2532.2437
3650,570.97,904.2434
7680,2204.41,1996.9678
7073,1992.14,2183.1904
1330,1364.6,1944.1635
7791,1930.75,2765.7002
